
<Sticker BackgroundColor="{0.906,0.906,0.914}" ModelScale="{0.14,0.14,0.14}" ModelTranslate="{0.0,-6.0,0.0}" ModelZoomInScale="{2.4,2.4,2.4}" ModelZoomInTranslate="{0.0,-2.0,0.0}" Version="2.0.0.0">
    
    <Light LightName="light1" LightType="DirectionLight"  lightDirection="{0,100,100}" LightAmbient="{0.407,0.407,0.407,1.0}" LightDiffuse="{0.3,0.3,0.3,1}" LightSpecular="{0.0,0.0,0.0,1.0}"/>
    <Light LightName="light2" LightType="DirectionLight"  lightDirection="{0,100,-100}" LightAmbient="{0.242,0.242,0.242,1.0}" LightDiffuse="{0.3,0.3,0.3,1}" LightSpecular="{0.0,0.0,0.0,1.0}"/>

	<StickerActionTexture ActionName="HEAD" Blend="YES" BlendBackGround="NO" ClearDepth="NO" RenderDepth="YES" Tex="snowleopard_head.png" UseLight="YES" LightEffectName="light1|light2" EyePosition="{0.0,0.0,10.0}" Shininess="500.0" SupportTransform="YES" TransformCenter="{0,-4.2332,0.51115}" ActionCenter="{0,13.3549,5.51115}" Component="Head"/>
	<StickerActionTexture ActionName="BODY" Blend="YES" BlendBackGround="NO" ClearDepth="NO" RenderDepth="YES" Tex="snowleopard_body.png" UseLight="YES" LightEffectName="light1|light2" EyePosition="{0.0,0.0,10.0}" Shininess="500.0"/>
	<StickerActionTexture ActionName="TONGUE" Blend="YES" BlendBackGround="NO" ClearDepth="NO" RenderDepth="YES" Tex="head.png" SupportTransform="YES" TransformCenter="{0,-4.2332,0.51115}" ActionCenter="{0.04410005,-0.24885,13.52965 }" Component="Head" ActionTransformRotateScale="{1.0,0.4,0.5}"/>
	<StickerActionTexture ActionName="TEETH_DOWN" Blend="YES" BlendBackGround="NO" ClearDepth="NO" RenderDepth="YES" Tex="snowleopard_head.png" SupportTransform="YES" TransformCenter="{0,-4.2332,0.51115}" ActionCenter="{0,-2.03045,9.93855 }" Component="Head" ActionTransformRotateScale="{1.0,0.4,0.5}"/>
	<StickerActionTexture ActionName="TEETH_UP" Blend="YES" BlendBackGround="NO" ClearDepth="NO" RenderDepth="YES" Tex="snowleopard_head.png" SupportTransform="YES" TransformCenter="{0,-4.2332,0.51115}" ActionCenter="{0,-0.71605,10.06105}" Component="Head" ActionTransformRotateScale="{1.0,0.4,0.5}"/>
    <StickerActionTexture ActionName="EYE_L" Blend="YES" BlendBackGround="NO" ClearDepth="NO" RenderDepth="YES" Tex="snowleopard_head.png" SupportTransform="YES" TransformCenter="{0,-4.2332,0.51115}" ActionCenter="{6.49075,11.02605,12.3673}" Component="LeftEye" ActionTransformRotateScale="{1.0,0.4,0.5}"/>
    <StickerActionTexture ActionName="EYE_R" Blend="YES" BlendBackGround="NO" ClearDepth="NO" RenderDepth="YES" Tex="snowleopard_head.png" SupportTransform="YES" TransformCenter="{0,-4.2332,0.51115}" ActionCenter="{-6.48145,11.02605,12.3429}" Component="RightEye" ActionTransformRotateScale="{1.0,0.4,0.5}"/>

</Sticker>
 

