*FORCE_LENGTH,1,1
17
*SENSE_LENGTH,1,1
37
*KEY_LENGTH,1,1
0
*SSKEY_LENGTH,1,1
0
*EN_LP_TIMER_CALIBRATION,1,1
0
*EN_MUTUAL_AUTOTUNE,1,1
1
*EN_SELF_AUTOTUNE,1,1
1
*EN_SAVE_CX,1,1
0
*CX1_W,1,1
30
*CX2_W,1,1
4
*IX1_FORCE_W,1,1
2
*IX2_FORCE_W,1,1
1
*IX1_SENSE_W,1,1
2
*IX2_SENSE_W,1,1
1
*MS_RAW_DATA_MIN_MAX,1,2
-9000,95000
*MS_RAW_LOWPOWER_DATA_MIN_MAX,1,2
-9000,95000
*MS_TOUCH_LOWPOWER_CX2_MIN,17,37
-900,-900,-900,-900,-900,-900,-900,-900,-900,-900,-900,-900,-900,-900,-900,-900,-900,-900,-900,-900,-900,-900,-900,-900,-900,-900,-900,-900,-900,-900,-900,-900,-900,-900,-900,-900,-900
-900,-900,-900,-900,-900,-900,-900,-900,-900,-900,-900,-900,-900,-900,-900,-900,-900,-900,-900,-900,-900,-900,-900,-900,-900,-900,-900,-900,-900,-900,-900,-900,-900,-900,-900,-900,-900
-900,-900,-900,-900,-900,-900,-900,-900,-900,-900,-900,-900,-900,-900,-900,-900,-900,-900,-900,-900,-900,-900,-900,-900,-900,-900,-900,-900,-900,-900,-900,-900,-900,-900,-900,-900,-900
-900,-900,-900,-900,-900,-900,-900,-900,-900,-900,-900,-900,-900,-900,-900,-900,-900,-900,-900,-900,-900,-900,-900,-900,-900,-900,-900,-900,-900,-900,-900,-900,-900,-900,-900,-900,-900
-900,-900,-900,-900,-900,-900,-900,-900,-900,-900,-900,-900,-900,-900,-900,-900,-900,-900,-900,-900,-900,-900,-900,-900,-900,-900,-900,-900,-900,-900,-900,-900,-900,-900,-900,-900,-900
-900,-900,-900,-900,-900,-900,-900,-900,-900,-900,-900,-900,-900,-900,-900,-900,-900,-900,-900,-900,-900,-900,-900,-900,-900,-900,-900,-900,-900,-900,-900,-900,-900,-900,-900,-900,-900
-900,-900,-900,-900,-900,-900,-900,-900,-900,-900,-900,-900,-900,-900,-900,-900,-900,-900,-900,-900,-900,-900,-900,-900,-900,-900,-900,-900,-900,-900,-900,-900,-900,-900,-900,-900,-900
-900,-900,-900,-900,-900,-900,-900,-900,-900,-900,-900,-900,-900,-900,-900,-900,-900,-900,-900,-900,-900,-900,-900,-900,-900,-900,-900,-900,-900,-900,-900,-900,-900,-900,-900,-900,-900
-900,-900,-900,-900,-900,-900,-900,-900,-900,-900,-900,-900,-900,-900,-900,-900,-900,-900,-900,-900,-900,-900,-900,-900,-900,-900,-900,-900,-900,-900,-900,-900,-900,-900,-900,-900,-900
-900,-900,-900,-900,-900,-900,-900,-900,-900,-900,-900,-900,-900,-900,-900,-900,-900,-900,-900,-900,-900,-900,-900,-900,-900,-900,-900,-900,-900,-900,-900,-900,-900,-900,-900,-900,-900
-900,-900,-900,-900,-900,-900,-900,-900,-900,-900,-900,-900,-900,-900,-900,-900,-900,-900,-900,-900,-900,-900,-900,-900,-900,-900,-900,-900,-900,-900,-900,-900,-900,-900,-900,-900,-900
-900,-900,-900,-900,-900,-900,-900,-900,-900,-900,-900,-900,-900,-900,-900,-900,-900,-900,-900,-900,-900,-900,-900,-900,-900,-900,-900,-900,-900,-900,-900,-900,-900,-900,-900,-900,-900
-900,-900,-900,-900,-900,-900,-900,-900,-900,-900,-900,-900,-900,-900,-900,-900,-900,-900,-900,-900,-900,-900,-900,-900,-900,-900,-900,-900,-900,-900,-900,-900,-900,-900,-900,-900,-900
-900,-900,-900,-900,-900,-900,-900,-900,-900,-900,-900,-900,-900,-900,-900,-900,-900,-900,-900,-900,-900,-900,-900,-900,-900,-900,-900,-900,-900,-900,-900,-900,-900,-900,-900,-900,-900
-900,-900,-900,-900,-900,-900,-900,-900,-900,-900,-900,-900,-900,-900,-900,-900,-900,-900,-900,-900,-900,-900,-900,-900,-900,-900,-900,-900,-900,-900,-900,-900,-900,-900,-900,-900,-900
-900,-900,-900,-900,-900,-900,-900,-900,-900,-900,-900,-900,-900,-900,-900,-900,-900,-900,-900,-900,-900,-900,-900,-900,-900,-900,-900,-900,-900,-900,-900,-900,-900,-900,-900,-900,-900
-900,-900,-900,-900,-900,-900,-900,-900,-900,-900,-900,-900,-900,-900,-900,-900,-900,-900,-900,-900,-900,-900,-900,-900,-900,-900,-900,-900,-900,-900,-900,-900,-900,-900,-900,-900,-900
*MS_TOUCH_LOWPOWER_CX2_MAX,17,37
15000,15000,15000,15000,15000,15000,15000,15000,15000,15000,15000,15000,15000,15000,15000,15000,15000,15000,15000,15000,15000,15000,15000,15000,15000,15000,15000,15000,15000,15000,15000,15000,15000,15000,15000,15000,15000
15000,15000,15000,15000,15000,15000,15000,15000,15000,15000,15000,15000,15000,15000,15000,15000,15000,15000,15000,15000,15000,15000,15000,15000,15000,15000,15000,15000,15000,15000,15000,15000,15000,15000,15000,15000,15000
15000,15000,15000,15000,15000,15000,15000,15000,15000,15000,15000,15000,15000,15000,15000,15000,15000,15000,15000,15000,15000,15000,15000,15000,15000,15000,15000,15000,15000,15000,15000,15000,15000,15000,15000,15000,15000
15000,15000,15000,15000,15000,15000,15000,15000,15000,15000,15000,15000,15000,15000,15000,15000,15000,15000,15000,15000,15000,15000,15000,15000,15000,15000,15000,15000,15000,15000,15000,15000,15000,15000,15000,15000,15000
15000,15000,15000,15000,15000,15000,15000,15000,15000,15000,15000,15000,15000,15000,15000,15000,15000,15000,15000,15000,15000,15000,15000,15000,15000,15000,15000,15000,15000,15000,15000,15000,15000,15000,15000,15000,15000
15000,15000,15000,15000,15000,15000,15000,15000,15000,15000,15000,15000,15000,15000,15000,15000,15000,15000,15000,15000,15000,15000,15000,15000,15000,15000,15000,15000,15000,15000,15000,15000,15000,15000,15000,15000,15000
15000,15000,15000,15000,15000,15000,15000,15000,15000,15000,15000,15000,15000,15000,15000,15000,15000,15000,15000,15000,15000,15000,15000,15000,15000,15000,15000,15000,15000,15000,15000,15000,15000,15000,15000,15000,15000
15000,15000,15000,15000,15000,15000,15000,15000,15000,15000,15000,15000,15000,15000,15000,15000,15000,15000,15000,15000,15000,15000,15000,15000,15000,15000,15000,15000,15000,15000,15000,15000,15000,15000,15000,15000,15000
15000,15000,15000,15000,15000,15000,15000,15000,15000,15000,15000,15000,15000,15000,15000,15000,15000,15000,15000,15000,15000,15000,15000,15000,15000,15000,15000,15000,15000,15000,15000,15000,15000,15000,15000,15000,15000
15000,15000,15000,15000,15000,15000,15000,15000,15000,15000,15000,15000,15000,15000,15000,15000,15000,15000,15000,15000,15000,15000,15000,15000,15000,15000,15000,15000,15000,15000,15000,15000,15000,15000,15000,15000,15000
15000,15000,15000,15000,15000,15000,15000,15000,15000,15000,15000,15000,15000,15000,15000,15000,15000,15000,15000,15000,15000,15000,15000,15000,15000,15000,15000,15000,15000,15000,15000,15000,15000,15000,15000,15000,15000
15000,15000,15000,15000,15000,15000,15000,15000,15000,15000,15000,15000,15000,15000,15000,15000,15000,15000,15000,15000,15000,15000,15000,15000,15000,15000,15000,15000,15000,15000,15000,15000,15000,15000,15000,15000,15000
15000,15000,15000,15000,15000,15000,15000,15000,15000,15000,15000,15000,15000,15000,15000,15000,15000,15000,15000,15000,15000,15000,15000,15000,15000,15000,15000,15000,15000,15000,15000,15000,15000,15000,15000,15000,15000
15000,15000,15000,15000,15000,15000,15000,15000,15000,15000,15000,15000,15000,15000,15000,15000,15000,15000,15000,15000,15000,15000,15000,15000,15000,15000,15000,15000,15000,15000,15000,15000,15000,15000,15000,15000,15000
15000,15000,15000,15000,15000,15000,15000,15000,15000,15000,15000,15000,15000,15000,15000,15000,15000,15000,15000,15000,15000,15000,15000,15000,15000,15000,15000,15000,15000,15000,15000,15000,15000,15000,15000,15000,15000
15000,15000,15000,15000,15000,15000,15000,15000,15000,15000,15000,15000,15000,15000,15000,15000,15000,15000,15000,15000,15000,15000,15000,15000,15000,15000,15000,15000,15000,15000,15000,15000,15000,15000,15000,15000,15000
15000,15000,15000,15000,15000,15000,15000,15000,15000,15000,15000,15000,15000,15000,15000,15000,15000,15000,15000,15000,15000,15000,15000,15000,15000,15000,15000,15000,15000,15000,15000,15000,15000,15000,15000,15000,15000
*MS_RAW_DATA_EACH_MIN,17,37
1000,1000,1000,1000,1000,1000,1000,1000,1000,1000,1000,1000,1000,1000,1000,1000,1000,1000,1000,1000,1000,1000,1000,1000,1000,1000,1000,1000,1000,1000,1000,1000,1000,1000,1000,1000,1000
1000,1000,1000,1000,1000,1000,1000,1000,1000,1000,1000,1000,1000,1000,1000,1000,1000,1000,1000,1000,1000,1000,1000,1000,1000,1000,1000,1000,1000,1000,1000,1000,1000,1000,1000,1000,1000
1000,1000,1000,1000,1000,1000,1000,1000,1000,1000,1000,1000,1000,1000,1000,1000,1000,1000,1000,1000,1000,1000,1000,1000,1000,1000,1000,1000,1000,1000,1000,1000,1000,1000,1000,1000,1000
1000,1000,1000,1000,1000,1000,1000,1000,1000,1000,1000,1000,1000,1000,1000,1000,1000,1000,1000,1000,1000,1000,1000,1000,1000,1000,1000,1000,1000,1000,1000,1000,1000,1000,1000,1000,1000
1000,1000,1000,1000,1000,1000,1000,1000,1000,1000,1000,1000,1000,1000,1000,1000,1000,1000,1000,1000,1000,1000,1000,1000,1000,1000,1000,1000,1000,1000,1000,1000,1000,1000,1000,1000,1000
1000,1000,1000,1000,1000,1000,1000,1000,1000,1000,1000,1000,1000,1000,1000,1000,1000,1000,1000,1000,1000,1000,1000,1000,1000,1000,1000,1000,1000,1000,1000,1000,1000,1000,1000,1000,1000
1000,1000,1000,1000,1000,1000,1000,1000,1000,1000,1000,1000,1000,1000,1000,1000,1000,1000,1000,1000,1000,1000,1000,1000,1000,1000,1000,1000,1000,1000,1000,1000,1000,1000,1000,1000,1000
1000,1000,1000,1000,1000,1000,1000,1000,1000,1000,1000,1000,1000,1000,1000,1000,1000,1000,1000,1000,1000,1000,1000,1000,1000,1000,1000,1000,1000,1000,1000,1000,1000,1000,1000,1000,1000
1000,1000,1000,1000,1000,1000,1000,1000,1000,1000,1000,1000,1000,1000,1000,1000,1000,1000,1000,1000,1000,1000,1000,1000,1000,1000,1000,1000,1000,1000,1000,1000,1000,1000,1000,1000,1000
1000,1000,1000,1000,1000,1000,1000,1000,1000,1000,1000,1000,1000,1000,1000,1000,1000,1000,1000,1000,1000,1000,1000,1000,1000,1000,1000,1000,1000,1000,1000,1000,1000,1000,1000,1000,1000
1000,1000,1000,1000,1000,1000,1000,1000,1000,1000,1000,1000,1000,1000,1000,1000,1000,1000,1000,1000,1000,1000,1000,1000,1000,1000,1000,1000,1000,1000,1000,1000,1000,1000,1000,1000,1000
1000,1000,1000,1000,1000,1000,1000,1000,1000,1000,1000,1000,1000,1000,1000,1000,1000,1000,1000,1000,1000,1000,1000,1000,1000,1000,1000,1000,1000,1000,1000,1000,1000,1000,1000,1000,1000
1000,1000,1000,1000,1000,1000,1000,1000,1000,1000,1000,1000,1000,1000,1000,1000,1000,1000,1000,1000,1000,1000,1000,1000,1000,1000,1000,1000,1000,1000,1000,1000,1000,1000,1000,1000,1000
1000,1000,1000,1000,1000,1000,1000,1000,1000,1000,1000,1000,1000,1000,1000,1000,1000,1000,1000,1000,1000,1000,1000,1000,1000,1000,1000,1000,1000,1000,1000,1000,1000,1000,1000,1000,1000
1000,1000,1000,1000,1000,1000,1000,1000,1000,1000,1000,1000,1000,1000,1000,1000,1000,1000,1000,1000,1000,1000,1000,1000,1000,1000,1000,1000,1000,1000,1000,1000,1000,1000,1000,1000,1000
1000,1000,1000,1000,1000,1000,1000,1000,1000,1000,1000,1000,1000,1000,1000,1000,1000,1000,1000,1000,1000,1000,1000,1000,1000,1000,1000,1000,1000,1000,1000,1000,1000,1000,1000,1000,1000
1000,1000,1000,1000,1000,1000,1000,1000,1000,1000,1000,1000,1000,1000,1000,1000,1000,1000,1000,1000,1000,1000,1000,1000,1000,1000,1000,1000,1000,1000,1000,1000,1000,1000,1000,1000,1000
*MS_RAW_DATA_EACH_MAX,17,37
15000,15000,15000,15000,15000,15000,15000,15000,15000,15000,15000,15000,15000,15000,15000,15000,15000,15000,15000,15000,15000,15000,15000,15000,15000,15000,15000,15000,15000,15000,15000,15000,15000,15000,15000,15000,15000
15000,15000,15000,15000,15000,15000,15000,15000,15000,15000,15000,15000,15000,15000,15000,15000,15000,15000,15000,15000,15000,15000,15000,15000,15000,15000,15000,15000,15000,15000,15000,15000,15000,15000,15000,15000,15000
15000,15000,15000,15000,15000,15000,15000,15000,15000,15000,15000,15000,15000,15000,15000,15000,15000,15000,15000,15000,15000,15000,15000,15000,15000,15000,15000,15000,15000,15000,15000,15000,15000,15000,15000,15000,15000
15000,15000,15000,15000,15000,15000,15000,15000,15000,15000,15000,15000,15000,15000,15000,15000,15000,15000,15000,15000,15000,15000,15000,15000,15000,15000,15000,15000,15000,15000,15000,15000,15000,15000,15000,15000,15000
15000,15000,15000,15000,15000,15000,15000,15000,15000,15000,15000,15000,15000,15000,15000,15000,15000,15000,15000,15000,15000,15000,15000,15000,15000,15000,15000,15000,15000,15000,15000,15000,15000,15000,15000,15000,15000
15000,15000,15000,15000,15000,15000,15000,15000,15000,15000,15000,15000,15000,15000,15000,15000,15000,15000,15000,15000,15000,15000,15000,15000,15000,15000,15000,15000,15000,15000,15000,15000,15000,15000,15000,15000,15000
15000,15000,15000,15000,15000,15000,15000,15000,15000,15000,15000,15000,15000,15000,15000,15000,15000,15000,15000,15000,15000,15000,15000,15000,15000,15000,15000,15000,15000,15000,15000,15000,15000,15000,15000,15000,15000
15000,15000,15000,15000,15000,15000,15000,15000,15000,15000,15000,15000,15000,15000,15000,15000,15000,15000,15000,15000,15000,15000,15000,15000,15000,15000,15000,15000,15000,15000,15000,15000,15000,15000,15000,15000,15000
15000,15000,15000,15000,15000,15000,15000,15000,15000,15000,15000,15000,15000,15000,15000,15000,15000,15000,15000,15000,15000,15000,15000,15000,15000,15000,15000,15000,15000,15000,15000,15000,15000,15000,15000,15000,15000
15000,15000,15000,15000,15000,15000,15000,15000,15000,15000,15000,15000,15000,15000,15000,15000,15000,15000,15000,15000,15000,15000,15000,15000,15000,15000,15000,15000,15000,15000,15000,15000,15000,15000,15000,15000,15000
15000,15000,15000,15000,15000,15000,15000,15000,15000,15000,15000,15000,15000,15000,15000,15000,15000,15000,15000,15000,15000,15000,15000,15000,15000,15000,15000,15000,15000,15000,15000,15000,15000,15000,15000,15000,15000
15000,15000,15000,15000,15000,15000,15000,15000,15000,15000,15000,15000,15000,15000,15000,15000,15000,15000,15000,15000,15000,15000,15000,15000,15000,15000,15000,15000,15000,15000,15000,15000,15000,15000,15000,15000,15000
15000,15000,15000,15000,15000,15000,15000,15000,15000,15000,15000,15000,15000,15000,15000,15000,15000,15000,15000,15000,15000,15000,15000,15000,15000,15000,15000,15000,15000,15000,15000,15000,15000,15000,15000,15000,15000
15000,15000,15000,15000,15000,15000,15000,15000,15000,15000,15000,15000,15000,15000,15000,15000,15000,15000,15000,15000,15000,15000,15000,15000,15000,15000,15000,15000,15000,15000,15000,15000,15000,15000,15000,15000,15000
15000,15000,15000,15000,15000,15000,15000,15000,15000,15000,15000,15000,15000,15000,15000,15000,15000,15000,15000,15000,15000,15000,15000,15000,15000,15000,15000,15000,15000,15000,15000,15000,15000,15000,15000,15000,15000
15000,15000,15000,15000,15000,15000,15000,15000,15000,15000,15000,15000,15000,15000,15000,15000,15000,15000,15000,15000,15000,15000,15000,15000,15000,15000,15000,15000,15000,15000,15000,15000,15000,15000,15000,15000,15000
15000,15000,15000,15000,15000,15000,15000,15000,15000,15000,15000,15000,15000,15000,15000,15000,15000,15000,15000,15000,15000,15000,15000,15000,15000,15000,15000,15000,15000,15000,15000,15000,15000,15000,15000,15000,15000
*MS_RAW_DATA_ADJ_HORIZONTAL_P2P,1,1
0
*MS_RAW_DATA_ADJ_VERTICAL_P2P,1,1
0
*MS_RAW_ITO_DATA_ADJ_HORIZONTAL,17,36
9964,9964,9964,9964,9964,9964,9964,9964,9964,9964,9964,9964,9964,9964,9964,9964,9964,9964,9964,9964,9964,9964,9964,9964,9964,9964,9964,9964,9964,9964,9964,9964,9964,9964,9964,9964
9964,9964,9964,9964,9964,9964,9964,9964,9964,9964,9964,9964,9964,9964,9964,9964,9964,9964,9964,9964,9964,9964,9964,9964,9964,9964,9964,9964,9964,9964,9964,9964,9964,9964,9964,9964
9964,9964,9964,9964,9964,9964,9964,9964,9964,9964,9964,9964,9964,9964,9964,9964,9964,9964,9964,9964,9964,9964,9964,9964,9964,9964,9964,9964,9964,9964,9964,9964,9964,9964,9964,9964
9964,9964,9964,9964,9964,9964,9964,9964,9964,9964,9964,9964,9964,9964,9964,9964,9964,9964,9964,9964,9964,9964,9964,9964,9964,9964,9964,9964,9964,9964,9964,9964,9964,9964,9964,9964
9964,9964,9964,9964,9964,9964,9964,9964,9964,9964,9964,9964,9964,9964,9964,9964,9964,9964,9964,9964,9964,9964,9964,9964,9964,9964,9964,9964,9964,9964,9964,9964,9964,9964,9964,9964
9964,9964,9964,9964,9964,9964,9964,9964,9964,9964,9964,9964,9964,9964,9964,9964,9964,9964,9964,9964,9964,9964,9964,9964,9964,9964,9964,9964,9964,9964,9964,9964,9964,9964,9964,9964
9964,9964,9964,9964,9964,9964,9964,9964,9964,9964,9964,9964,9964,9964,9964,9964,9964,9964,9964,9964,9964,9964,9964,9964,9964,9964,9964,9964,9964,9964,9964,9964,9964,9964,9964,9964
9964,9964,9964,9964,9964,9964,9964,9964,9964,9964,9964,9964,9964,9964,9964,9964,9964,9964,9964,9964,9964,9964,9964,9964,9964,9964,9964,9964,9964,9964,9964,9964,9964,9964,9964,9964
9964,9964,9964,9964,9964,9964,9964,9964,9964,9964,9964,9964,9964,9964,9964,9964,9964,9964,9964,9964,9964,9964,9964,9964,9964,9964,9964,9964,9964,9964,9964,9964,9964,9964,9964,9964
9964,9964,9964,9964,9964,9964,9964,9964,9964,9964,9964,9964,9964,9964,9964,9964,9964,9964,9964,9964,9964,9964,9964,9964,9964,9964,9964,9964,9964,9964,9964,9964,9964,9964,9964,9964
9964,9964,9964,9964,9964,9964,9964,9964,9964,9964,9964,9964,9964,9964,9964,9964,9964,9964,9964,9964,9964,9964,9964,9964,9964,9964,9964,9964,9964,9964,9964,9964,9964,9964,9964,9964
9964,9964,9964,9964,9964,9964,9964,9964,9964,9964,9964,9964,9964,9964,9964,9964,9964,9964,9964,9964,9964,9964,9964,9964,9964,9964,9964,9964,9964,9964,9964,9964,9964,9964,9964,9964
9964,9964,9964,9964,9964,9964,9964,9964,9964,9964,9964,9964,9964,9964,9964,9964,9964,9964,9964,9964,9964,9964,9964,9964,9964,9964,9964,9964,9964,9964,9964,9964,9964,9964,9964,9964
9964,9964,9964,9964,9964,9964,9964,9964,9964,9964,9964,9964,9964,9964,9964,9964,9964,9964,9964,9964,9964,9964,9964,9964,9964,9964,9964,9964,9964,9964,9964,9964,9964,9964,9964,9964
9964,9964,9964,9964,9964,9964,9964,9964,9964,9964,9964,9964,9964,9964,9964,9964,9964,9964,9964,9964,9964,9964,9964,9964,9964,9964,9964,9964,9964,9964,9964,9964,9964,9964,9964,9964
9964,9964,9964,9964,9964,9964,9964,9964,9964,9964,9964,9964,9964,9964,9964,9964,9964,9964,9964,9964,9964,9964,9964,9964,9964,9964,9964,9964,9964,9964,9964,9964,9964,9964,9964,9964
9964,9964,9964,9964,9964,9964,9964,9964,9964,9964,9964,9964,9964,9964,9964,9964,9964,9964,9964,9964,9964,9964,9964,9964,9964,9964,9964,9964,9964,9964,9964,9964,9964,9964,9964,9964
*MS_RAW_ITO_DATA_ADJ_VERTICAL,16,37
9964,9964,9964,9964,9964,9964,9964,9964,9964,9964,9964,9964,9964,9964,9964,9964,9964,9964,9964,9964,9964,9964,9964,9964,9964,9964,9964,9964,9964,9964,9964,9964,9964,9964,9964,9964,9964
9964,9964,9964,9964,9964,9964,9964,9964,9964,9964,9964,9964,9964,9964,9964,9964,9964,9964,9964,9964,9964,9964,9964,9964,9964,9964,9964,9964,9964,9964,9964,9964,9964,9964,9964,9964,9964
9964,9964,9964,9964,9964,9964,9964,9964,9964,9964,9964,9964,9964,9964,9964,9964,9964,9964,9964,9964,9964,9964,9964,9964,9964,9964,9964,9964,9964,9964,9964,9964,9964,9964,9964,9964,9964
9964,9964,9964,9964,9964,9964,9964,9964,9964,9964,9964,9964,9964,9964,9964,9964,9964,9964,9964,9964,9964,9964,9964,9964,9964,9964,9964,9964,9964,9964,9964,9964,9964,9964,9964,9964,9964
9964,9964,9964,9964,9964,9964,9964,9964,9964,9964,9964,9964,9964,9964,9964,9964,9964,9964,9964,9964,9964,9964,9964,9964,9964,9964,9964,9964,9964,9964,9964,9964,9964,9964,9964,9964,9964
9964,9964,9964,9964,9964,9964,9964,9964,9964,9964,9964,9964,9964,9964,9964,9964,9964,9964,9964,9964,9964,9964,9964,9964,9964,9964,9964,9964,9964,9964,9964,9964,9964,9964,9964,9964,9964
9964,9964,9964,9964,9964,9964,9964,9964,9964,9964,9964,9964,9964,9964,9964,9964,9964,9964,9964,9964,9964,9964,9964,9964,9964,9964,9964,9964,9964,9964,9964,9964,9964,9964,9964,9964,9964
9964,9964,9964,9964,9964,9964,9964,9964,9964,9964,9964,9964,9964,9964,9964,9964,9964,9964,9964,9964,9964,9964,9964,9964,9964,9964,9964,9964,9964,9964,9964,9964,9964,9964,9964,9964,9964
9964,9964,9964,9964,9964,9964,9964,9964,9964,9964,9964,9964,9964,9964,9964,9964,9964,9964,9964,9964,9964,9964,9964,9964,9964,9964,9964,9964,9964,9964,9964,9964,9964,9964,9964,9964,9964
9964,9964,9964,9964,9964,9964,9964,9964,9964,9964,9964,9964,9964,9964,9964,9964,9964,9964,9964,9964,9964,9964,9964,9964,9964,9964,9964,9964,9964,9964,9964,9964,9964,9964,9964,9964,9964
9964,9964,9964,9964,9964,9964,9964,9964,9964,9964,9964,9964,9964,9964,9964,9964,9964,9964,9964,9964,9964,9964,9964,9964,9964,9964,9964,9964,9964,9964,9964,9964,9964,9964,9964,9964,9964
9964,9964,9964,9964,9964,9964,9964,9964,9964,9964,9964,9964,9964,9964,9964,9964,9964,9964,9964,9964,9964,9964,9964,9964,9964,9964,9964,9964,9964,9964,9964,9964,9964,9964,9964,9964,9964
9964,9964,9964,9964,9964,9964,9964,9964,9964,9964,9964,9964,9964,9964,9964,9964,9964,9964,9964,9964,9964,9964,9964,9964,9964,9964,9964,9964,9964,9964,9964,9964,9964,9964,9964,9964,9964
9964,9964,9964,9964,9964,9964,9964,9964,9964,9964,9964,9964,9964,9964,9964,9964,9964,9964,9964,9964,9964,9964,9964,9964,9964,9964,9964,9964,9964,9964,9964,9964,9964,9964,9964,9964,9964
9964,9964,9964,9964,9964,9964,9964,9964,9964,9964,9964,9964,9964,9964,9964,9964,9964,9964,9964,9964,9964,9964,9964,9964,9964,9964,9964,9964,9964,9964,9964,9964,9964,9964,9964,9964,9964
9964,9964,9964,9964,9964,9964,9964,9964,9964,9964,9964,9964,9964,9964,9964,9964,9964,9964,9964,9964,9964,9964,9964,9964,9964,9964,9964,9964,9964,9964,9964,9964,9964,9964,9964,9964,9964
*MS_TOUCH_ACTIVE_TOTAL_CX_MIN,17,37
-900,-900,-900,-900,-900,-900,-900,-900,-900,-900,-900,-900,-900,-900,-900,-900,-900,-900,-900,-900,-900,-900,-900,-900,-900,-900,-900,-900,-900,-900,-900,-900,-900,-900,-900,-900,-900
-900,-900,-900,-900,-900,-900,-900,-900,-900,-900,-900,-900,-900,-900,-900,-900,-900,-900,-900,-900,-900,-900,-900,-900,-900,-900,-900,-900,-900,-900,-900,-900,-900,-900,-900,-900,-900
-900,-900,-900,-900,-900,-900,-900,-900,-900,-900,-900,-900,-900,-900,-900,-900,-900,-900,-900,-900,-900,-900,-900,-900,-900,-900,-900,-900,-900,-900,-900,-900,-900,-900,-900,-900,-900
-900,-900,-900,-900,-900,-900,-900,-900,-900,-900,-900,-900,-900,-900,-900,-900,-900,-900,-900,-900,-900,-900,-900,-900,-900,-900,-900,-900,-900,-900,-900,-900,-900,-900,-900,-900,-900
-900,-900,-900,-900,-900,-900,-900,-900,-900,-900,-900,-900,-900,-900,-900,-900,-900,-900,-900,-900,-900,-900,-900,-900,-900,-900,-900,-900,-900,-900,-900,-900,-900,-900,-900,-900,-900
-900,-900,-900,-900,-900,-900,-900,-900,-900,-900,-900,-900,-900,-900,-900,-900,-900,-900,-900,-900,-900,-900,-900,-900,-900,-900,-900,-900,-900,-900,-900,-900,-900,-900,-900,-900,-900
-900,-900,-900,-900,-900,-900,-900,-900,-900,-900,-900,-900,-900,-900,-900,-900,-900,-900,-900,-900,-900,-900,-900,-900,-900,-900,-900,-900,-900,-900,-900,-900,-900,-900,-900,-900,-900
-900,-900,-900,-900,-900,-900,-900,-900,-900,-900,-900,-900,-900,-900,-900,-900,-900,-900,-900,-900,-900,-900,-900,-900,-900,-900,-900,-900,-900,-900,-900,-900,-900,-900,-900,-900,-900
-900,-900,-900,-900,-900,-900,-900,-900,-900,-900,-900,-900,-900,-900,-900,-900,-900,-900,-900,-900,-900,-900,-900,-900,-900,-900,-900,-900,-900,-900,-900,-900,-900,-900,-900,-900,-900
-900,-900,-900,-900,-900,-900,-900,-900,-900,-900,-900,-900,-900,-900,-900,-900,-900,-900,-900,-900,-900,-900,-900,-900,-900,-900,-900,-900,-900,-900,-900,-900,-900,-900,-900,-900,-900
-900,-900,-900,-900,-900,-900,-900,-900,-900,-900,-900,-900,-900,-900,-900,-900,-900,-900,-900,-900,-900,-900,-900,-900,-900,-900,-900,-900,-900,-900,-900,-900,-900,-900,-900,-900,-900
-900,-900,-900,-900,-900,-900,-900,-900,-900,-900,-900,-900,-900,-900,-900,-900,-900,-900,-900,-900,-900,-900,-900,-900,-900,-900,-900,-900,-900,-900,-900,-900,-900,-900,-900,-900,-900
-900,-900,-900,-900,-900,-900,-900,-900,-900,-900,-900,-900,-900,-900,-900,-900,-900,-900,-900,-900,-900,-900,-900,-900,-900,-900,-900,-900,-900,-900,-900,-900,-900,-900,-900,-900,-900
-900,-900,-900,-900,-900,-900,-900,-900,-900,-900,-900,-900,-900,-900,-900,-900,-900,-900,-900,-900,-900,-900,-900,-900,-900,-900,-900,-900,-900,-900,-900,-900,-900,-900,-900,-900,-900
-900,-900,-900,-900,-900,-900,-900,-900,-900,-900,-900,-900,-900,-900,-900,-900,-900,-900,-900,-900,-900,-900,-900,-900,-900,-900,-900,-900,-900,-900,-900,-900,-900,-900,-900,-900,-900
-900,-900,-900,-900,-900,-900,-900,-900,-900,-900,-900,-900,-900,-900,-900,-900,-900,-900,-900,-900,-900,-900,-900,-900,-900,-900,-900,-900,-900,-900,-900,-900,-900,-900,-900,-900,-900
-900,-900,-900,-900,-900,-900,-900,-900,-900,-900,-900,-900,-900,-900,-900,-900,-900,-900,-900,-900,-900,-900,-900,-900,-900,-900,-900,-900,-900,-900,-900,-900,-900,-900,-900,-900,-900
*MS_TOUCH_ACTIVE_TOTAL_CX_MAX,17,37
9964,9964,9964,9964,9964,9964,9964,9964,9964,9964,9964,9964,9964,9964,9964,9964,9964,9964,9964,9964,9964,9964,9964,9964,9964,9964,9964,9964,9964,9964,9964,9964,9964,9964,9964,9964,9964
9964,9964,9964,9964,9964,9964,9964,9964,9964,9964,9964,9964,9964,9964,9964,9964,9964,9964,9964,9964,9964,9964,9964,9964,9964,9964,9964,9964,9964,9964,9964,9964,9964,9964,9964,9964,9964
9964,9964,9964,9964,9964,9964,9964,9964,9964,9964,9964,9964,9964,9964,9964,9964,9964,9964,9964,9964,9964,9964,9964,9964,9964,9964,9964,9964,9964,9964,9964,9964,9964,9964,9964,9964,9964
9964,9964,9964,9964,9964,9964,9964,9964,9964,9964,9964,9964,9964,9964,9964,9964,9964,9964,9964,9964,9964,9964,9964,9964,9964,9964,9964,9964,9964,9964,9964,9964,9964,9964,9964,9964,9964
9964,9964,9964,9964,9964,9964,9964,9964,9964,9964,9964,9964,9964,9964,9964,9964,9964,9964,9964,9964,9964,9964,9964,9964,9964,9964,9964,9964,9964,9964,9964,9964,9964,9964,9964,9964,9964
9964,9964,9964,9964,9964,9964,9964,9964,9964,9964,9964,9964,9964,9964,9964,9964,9964,9964,9964,9964,9964,9964,9964,9964,9964,9964,9964,9964,9964,9964,9964,9964,9964,9964,9964,9964,9964
9964,9964,9964,9964,9964,9964,9964,9964,9964,9964,9964,9964,9964,9964,9964,9964,9964,9964,9964,9964,9964,9964,9964,9964,9964,9964,9964,9964,9964,9964,9964,9964,9964,9964,9964,9964,9964
9964,9964,9964,9964,9964,9964,9964,9964,9964,9964,9964,9964,9964,9964,9964,9964,9964,9964,9964,9964,9964,9964,9964,9964,9964,9964,9964,9964,9964,9964,9964,9964,9964,9964,9964,9964,9964
9964,9964,9964,9964,9964,9964,9964,9964,9964,9964,9964,9964,9964,9964,9964,9964,9964,9964,9964,9964,9964,9964,9964,9964,9964,9964,9964,9964,9964,9964,9964,9964,9964,9964,9964,9964,9964
9964,9964,9964,9964,9964,9964,9964,9964,9964,9964,9964,9964,9964,9964,9964,9964,9964,9964,9964,9964,9964,9964,9964,9964,9964,9964,9964,9964,9964,9964,9964,9964,9964,9964,9964,9964,9964
9964,9964,9964,9964,9964,9964,9964,9964,9964,9964,9964,9964,9964,9964,9964,9964,9964,9964,9964,9964,9964,9964,9964,9964,9964,9964,9964,9964,9964,9964,9964,9964,9964,9964,9964,9964,9964
9964,9964,9964,9964,9964,9964,9964,9964,9964,9964,9964,9964,9964,9964,9964,9964,9964,9964,9964,9964,9964,9964,9964,9964,9964,9964,9964,9964,9964,9964,9964,9964,9964,9964,9964,9964,9964
9964,9964,9964,9964,9964,9964,9964,9964,9964,9964,9964,9964,9964,9964,9964,9964,9964,9964,9964,9964,9964,9964,9964,9964,9964,9964,9964,9964,9964,9964,9964,9964,9964,9964,9964,9964,9964
9964,9964,9964,9964,9964,9964,9964,9964,9964,9964,9964,9964,9964,9964,9964,9964,9964,9964,9964,9964,9964,9964,9964,9964,9964,9964,9964,9964,9964,9964,9964,9964,9964,9964,9964,9964,9964
9964,9964,9964,9964,9964,9964,9964,9964,9964,9964,9964,9964,9964,9964,9964,9964,9964,9964,9964,9964,9964,9964,9964,9964,9964,9964,9964,9964,9964,9964,9964,9964,9964,9964,9964,9964,9964
9964,9964,9964,9964,9964,9964,9964,9964,9964,9964,9964,9964,9964,9964,9964,9964,9964,9964,9964,9964,9964,9964,9964,9964,9964,9964,9964,9964,9964,9964,9964,9964,9964,9964,9964,9964,9964
9964,9964,9964,9964,9964,9964,9964,9964,9964,9964,9964,9964,9964,9964,9964,9964,9964,9964,9964,9964,9964,9964,9964,9964,9964,9964,9964,9964,9964,9964,9964,9964,9964,9964,9964,9964,9964
*MS_TOUCH_ACTIVE_TOTAL_CX_ADJ_HORIZONTAL,17,36
9964,9964,9964,9964,9964,9964,9964,9964,9964,9964,9964,9964,9964,9964,9964,9964,9964,9964,9964,9964,9964,9964,9964,9964,9964,9964,9964,9964,9964,9964,9964,9964,9964,9964,9964,9964
9964,9964,9964,9964,9964,9964,9964,9964,9964,9964,9964,9964,9964,9964,9964,9964,9964,9964,9964,9964,9964,9964,9964,9964,9964,9964,9964,9964,9964,9964,9964,9964,9964,9964,9964,9964
9964,9964,9964,9964,9964,9964,9964,9964,9964,9964,9964,9964,9964,9964,9964,9964,9964,9964,9964,9964,9964,9964,9964,9964,9964,9964,9964,9964,9964,9964,9964,9964,9964,9964,9964,9964
9964,9964,9964,9964,9964,9964,9964,9964,9964,9964,9964,9964,9964,9964,9964,9964,9964,9964,9964,9964,9964,9964,9964,9964,9964,9964,9964,9964,9964,9964,9964,9964,9964,9964,9964,9964
9964,9964,9964,9964,9964,9964,9964,9964,9964,9964,9964,9964,9964,9964,9964,9964,9964,9964,9964,9964,9964,9964,9964,9964,9964,9964,9964,9964,9964,9964,9964,9964,9964,9964,9964,9964
9964,9964,9964,9964,9964,9964,9964,9964,9964,9964,9964,9964,9964,9964,9964,9964,9964,9964,9964,9964,9964,9964,9964,9964,9964,9964,9964,9964,9964,9964,9964,9964,9964,9964,9964,9964
9964,9964,9964,9964,9964,9964,9964,9964,9964,9964,9964,9964,9964,9964,9964,9964,9964,9964,9964,9964,9964,9964,9964,9964,9964,9964,9964,9964,9964,9964,9964,9964,9964,9964,9964,9964
9964,9964,9964,9964,9964,9964,9964,9964,9964,9964,9964,9964,9964,9964,9964,9964,9964,9964,9964,9964,9964,9964,9964,9964,9964,9964,9964,9964,9964,9964,9964,9964,9964,9964,9964,9964
9964,9964,9964,9964,9964,9964,9964,9964,9964,9964,9964,9964,9964,9964,9964,9964,9964,9964,9964,9964,9964,9964,9964,9964,9964,9964,9964,9964,9964,9964,9964,9964,9964,9964,9964,9964
9964,9964,9964,9964,9964,9964,9964,9964,9964,9964,9964,9964,9964,9964,9964,9964,9964,9964,9964,9964,9964,9964,9964,9964,9964,9964,9964,9964,9964,9964,9964,9964,9964,9964,9964,9964
9964,9964,9964,9964,9964,9964,9964,9964,9964,9964,9964,9964,9964,9964,9964,9964,9964,9964,9964,9964,9964,9964,9964,9964,9964,9964,9964,9964,9964,9964,9964,9964,9964,9964,9964,9964
9964,9964,9964,9964,9964,9964,9964,9964,9964,9964,9964,9964,9964,9964,9964,9964,9964,9964,9964,9964,9964,9964,9964,9964,9964,9964,9964,9964,9964,9964,9964,9964,9964,9964,9964,9964
9964,9964,9964,9964,9964,9964,9964,9964,9964,9964,9964,9964,9964,9964,9964,9964,9964,9964,9964,9964,9964,9964,9964,9964,9964,9964,9964,9964,9964,9964,9964,9964,9964,9964,9964,9964
9964,9964,9964,9964,9964,9964,9964,9964,9964,9964,9964,9964,9964,9964,9964,9964,9964,9964,9964,9964,9964,9964,9964,9964,9964,9964,9964,9964,9964,9964,9964,9964,9964,9964,9964,9964
9964,9964,9964,9964,9964,9964,9964,9964,9964,9964,9964,9964,9964,9964,9964,9964,9964,9964,9964,9964,9964,9964,9964,9964,9964,9964,9964,9964,9964,9964,9964,9964,9964,9964,9964,9964
9964,9964,9964,9964,9964,9964,9964,9964,9964,9964,9964,9964,9964,9964,9964,9964,9964,9964,9964,9964,9964,9964,9964,9964,9964,9964,9964,9964,9964,9964,9964,9964,9964,9964,9964,9964
9964,9964,9964,9964,9964,9964,9964,9964,9964,9964,9964,9964,9964,9964,9964,9964,9964,9964,9964,9964,9964,9964,9964,9964,9964,9964,9964,9964,9964,9964,9964,9964,9964,9964,9964,9964
*MS_TOUCH_ACTIVE_TOTAL_CX_ADJ_VERTICAL,16,37
9964,9964,9964,9964,9964,9964,9964,9964,9964,9964,9964,9964,9964,9964,9964,9964,9964,9964,9964,9964,9964,9964,9964,9964,9964,9964,9964,9964,9964,9964,9964,9964,9964,9964,9964,9964,9964
9964,9964,9964,9964,9964,9964,9964,9964,9964,9964,9964,9964,9964,9964,9964,9964,9964,9964,9964,9964,9964,9964,9964,9964,9964,9964,9964,9964,9964,9964,9964,9964,9964,9964,9964,9964,9964
9964,9964,9964,9964,9964,9964,9964,9964,9964,9964,9964,9964,9964,9964,9964,9964,9964,9964,9964,9964,9964,9964,9964,9964,9964,9964,9964,9964,9964,9964,9964,9964,9964,9964,9964,9964,9964
9964,9964,9964,9964,9964,9964,9964,9964,9964,9964,9964,9964,9964,9964,9964,9964,9964,9964,9964,9964,9964,9964,9964,9964,9964,9964,9964,9964,9964,9964,9964,9964,9964,9964,9964,9964,9964
9964,9964,9964,9964,9964,9964,9964,9964,9964,9964,9964,9964,9964,9964,9964,9964,9964,9964,9964,9964,9964,9964,9964,9964,9964,9964,9964,9964,9964,9964,9964,9964,9964,9964,9964,9964,9964
9964,9964,9964,9964,9964,9964,9964,9964,9964,9964,9964,9964,9964,9964,9964,9964,9964,9964,9964,9964,9964,9964,9964,9964,9964,9964,9964,9964,9964,9964,9964,9964,9964,9964,9964,9964,9964
9964,9964,9964,9964,9964,9964,9964,9964,9964,9964,9964,9964,9964,9964,9964,9964,9964,9964,9964,9964,9964,9964,9964,9964,9964,9964,9964,9964,9964,9964,9964,9964,9964,9964,9964,9964,9964
9964,9964,9964,9964,9964,9964,9964,9964,9964,9964,9964,9964,9964,9964,9964,9964,9964,9964,9964,9964,9964,9964,9964,9964,9964,9964,9964,9964,9964,9964,9964,9964,9964,9964,9964,9964,9964
9964,9964,9964,9964,9964,9964,9964,9964,9964,9964,9964,9964,9964,9964,9964,9964,9964,9964,9964,9964,9964,9964,9964,9964,9964,9964,9964,9964,9964,9964,9964,9964,9964,9964,9964,9964,9964
9964,9964,9964,9964,9964,9964,9964,9964,9964,9964,9964,9964,9964,9964,9964,9964,9964,9964,9964,9964,9964,9964,9964,9964,9964,9964,9964,9964,9964,9964,9964,9964,9964,9964,9964,9964,9964
9964,9964,9964,9964,9964,9964,9964,9964,9964,9964,9964,9964,9964,9964,9964,9964,9964,9964,9964,9964,9964,9964,9964,9964,9964,9964,9964,9964,9964,9964,9964,9964,9964,9964,9964,9964,9964
9964,9964,9964,9964,9964,9964,9964,9964,9964,9964,9964,9964,9964,9964,9964,9964,9964,9964,9964,9964,9964,9964,9964,9964,9964,9964,9964,9964,9964,9964,9964,9964,9964,9964,9964,9964,9964
9964,9964,9964,9964,9964,9964,9964,9964,9964,9964,9964,9964,9964,9964,9964,9964,9964,9964,9964,9964,9964,9964,9964,9964,9964,9964,9964,9964,9964,9964,9964,9964,9964,9964,9964,9964,9964
9964,9964,9964,9964,9964,9964,9964,9964,9964,9964,9964,9964,9964,9964,9964,9964,9964,9964,9964,9964,9964,9964,9964,9964,9964,9964,9964,9964,9964,9964,9964,9964,9964,9964,9964,9964,9964
9964,9964,9964,9964,9964,9964,9964,9964,9964,9964,9964,9964,9964,9964,9964,9964,9964,9964,9964,9964,9964,9964,9964,9964,9964,9964,9964,9964,9964,9964,9964,9964,9964,9964,9964,9964,9964
9964,9964,9964,9964,9964,9964,9964,9964,9964,9964,9964,9964,9964,9964,9964,9964,9964,9964,9964,9964,9964,9964,9964,9964,9964,9964,9964,9964,9964,9964,9964,9964,9964,9964,9964,9964,9964
*MS_TOUCH_LOWPOWER_TOTAL_CX_MIN,17,37
-900,-900,-900,-900,-900,-900,-900,-900,-900,-900,-900,-900,-900,-900,-900,-900,-900,-900,-900,-900,-900,-900,-900,-900,-900,-900,-900,-900,-900,-900,-900,-900,-900,-900,-900,-900,-900
-900,-900,-900,-900,-900,-900,-900,-900,-900,-900,-900,-900,-900,-900,-900,-900,-900,-900,-900,-900,-900,-900,-900,-900,-900,-900,-900,-900,-900,-900,-900,-900,-900,-900,-900,-900,-900
-900,-900,-900,-900,-900,-900,-900,-900,-900,-900,-900,-900,-900,-900,-900,-900,-900,-900,-900,-900,-900,-900,-900,-900,-900,-900,-900,-900,-900,-900,-900,-900,-900,-900,-900,-900,-900
-900,-900,-900,-900,-900,-900,-900,-900,-900,-900,-900,-900,-900,-900,-900,-900,-900,-900,-900,-900,-900,-900,-900,-900,-900,-900,-900,-900,-900,-900,-900,-900,-900,-900,-900,-900,-900
-900,-900,-900,-900,-900,-900,-900,-900,-900,-900,-900,-900,-900,-900,-900,-900,-900,-900,-900,-900,-900,-900,-900,-900,-900,-900,-900,-900,-900,-900,-900,-900,-900,-900,-900,-900,-900
-900,-900,-900,-900,-900,-900,-900,-900,-900,-900,-900,-900,-900,-900,-900,-900,-900,-900,-900,-900,-900,-900,-900,-900,-900,-900,-900,-900,-900,-900,-900,-900,-900,-900,-900,-900,-900
-900,-900,-900,-900,-900,-900,-900,-900,-900,-900,-900,-900,-900,-900,-900,-900,-900,-900,-900,-900,-900,-900,-900,-900,-900,-900,-900,-900,-900,-900,-900,-900,-900,-900,-900,-900,-900
-900,-900,-900,-900,-900,-900,-900,-900,-900,-900,-900,-900,-900,-900,-900,-900,-900,-900,-900,-900,-900,-900,-900,-900,-900,-900,-900,-900,-900,-900,-900,-900,-900,-900,-900,-900,-900
-900,-900,-900,-900,-900,-900,-900,-900,-900,-900,-900,-900,-900,-900,-900,-900,-900,-900,-900,-900,-900,-900,-900,-900,-900,-900,-900,-900,-900,-900,-900,-900,-900,-900,-900,-900,-900
-900,-900,-900,-900,-900,-900,-900,-900,-900,-900,-900,-900,-900,-900,-900,-900,-900,-900,-900,-900,-900,-900,-900,-900,-900,-900,-900,-900,-900,-900,-900,-900,-900,-900,-900,-900,-900
-900,-900,-900,-900,-900,-900,-900,-900,-900,-900,-900,-900,-900,-900,-900,-900,-900,-900,-900,-900,-900,-900,-900,-900,-900,-900,-900,-900,-900,-900,-900,-900,-900,-900,-900,-900,-900
-900,-900,-900,-900,-900,-900,-900,-900,-900,-900,-900,-900,-900,-900,-900,-900,-900,-900,-900,-900,-900,-900,-900,-900,-900,-900,-900,-900,-900,-900,-900,-900,-900,-900,-900,-900,-900
-900,-900,-900,-900,-900,-900,-900,-900,-900,-900,-900,-900,-900,-900,-900,-900,-900,-900,-900,-900,-900,-900,-900,-900,-900,-900,-900,-900,-900,-900,-900,-900,-900,-900,-900,-900,-900
-900,-900,-900,-900,-900,-900,-900,-900,-900,-900,-900,-900,-900,-900,-900,-900,-900,-900,-900,-900,-900,-900,-900,-900,-900,-900,-900,-900,-900,-900,-900,-900,-900,-900,-900,-900,-900
-900,-900,-900,-900,-900,-900,-900,-900,-900,-900,-900,-900,-900,-900,-900,-900,-900,-900,-900,-900,-900,-900,-900,-900,-900,-900,-900,-900,-900,-900,-900,-900,-900,-900,-900,-900,-900
-900,-900,-900,-900,-900,-900,-900,-900,-900,-900,-900,-900,-900,-900,-900,-900,-900,-900,-900,-900,-900,-900,-900,-900,-900,-900,-900,-900,-900,-900,-900,-900,-900,-900,-900,-900,-900
-900,-900,-900,-900,-900,-900,-900,-900,-900,-900,-900,-900,-900,-900,-900,-900,-900,-900,-900,-900,-900,-900,-900,-900,-900,-900,-900,-900,-900,-900,-900,-900,-900,-900,-900,-900,-900
*MS_TOUCH_LOWPOWER_TOTAL_CX_MAX,17,37
9964,9964,9964,9964,9964,9964,9964,9964,9964,9964,9964,9964,9964,9964,9964,9964,9964,9964,9964,9964,9964,9964,9964,9964,9964,9964,9964,9964,9964,9964,9964,9964,9964,9964,9964,9964,9964
9964,9964,9964,9964,9964,9964,9964,9964,9964,9964,9964,9964,9964,9964,9964,9964,9964,9964,9964,9964,9964,9964,9964,9964,9964,9964,9964,9964,9964,9964,9964,9964,9964,9964,9964,9964,9964
9964,9964,9964,9964,9964,9964,9964,9964,9964,9964,9964,9964,9964,9964,9964,9964,9964,9964,9964,9964,9964,9964,9964,9964,9964,9964,9964,9964,9964,9964,9964,9964,9964,9964,9964,9964,9964
9964,9964,9964,9964,9964,9964,9964,9964,9964,9964,9964,9964,9964,9964,9964,9964,9964,9964,9964,9964,9964,9964,9964,9964,9964,9964,9964,9964,9964,9964,9964,9964,9964,9964,9964,9964,9964
9964,9964,9964,9964,9964,9964,9964,9964,9964,9964,9964,9964,9964,9964,9964,9964,9964,9964,9964,9964,9964,9964,9964,9964,9964,9964,9964,9964,9964,9964,9964,9964,9964,9964,9964,9964,9964
9964,9964,9964,9964,9964,9964,9964,9964,9964,9964,9964,9964,9964,9964,9964,9964,9964,9964,9964,9964,9964,9964,9964,9964,9964,9964,9964,9964,9964,9964,9964,9964,9964,9964,9964,9964,9964
9964,9964,9964,9964,9964,9964,9964,9964,9964,9964,9964,9964,9964,9964,9964,9964,9964,9964,9964,9964,9964,9964,9964,9964,9964,9964,9964,9964,9964,9964,9964,9964,9964,9964,9964,9964,9964
9964,9964,9964,9964,9964,9964,9964,9964,9964,9964,9964,9964,9964,9964,9964,9964,9964,9964,9964,9964,9964,9964,9964,9964,9964,9964,9964,9964,9964,9964,9964,9964,9964,9964,9964,9964,9964
9964,9964,9964,9964,9964,9964,9964,9964,9964,9964,9964,9964,9964,9964,9964,9964,9964,9964,9964,9964,9964,9964,9964,9964,9964,9964,9964,9964,9964,9964,9964,9964,9964,9964,9964,9964,9964
9964,9964,9964,9964,9964,9964,9964,9964,9964,9964,9964,9964,9964,9964,9964,9964,9964,9964,9964,9964,9964,9964,9964,9964,9964,9964,9964,9964,9964,9964,9964,9964,9964,9964,9964,9964,9964
9964,9964,9964,9964,9964,9964,9964,9964,9964,9964,9964,9964,9964,9964,9964,9964,9964,9964,9964,9964,9964,9964,9964,9964,9964,9964,9964,9964,9964,9964,9964,9964,9964,9964,9964,9964,9964
9964,9964,9964,9964,9964,9964,9964,9964,9964,9964,9964,9964,9964,9964,9964,9964,9964,9964,9964,9964,9964,9964,9964,9964,9964,9964,9964,9964,9964,9964,9964,9964,9964,9964,9964,9964,9964
9964,9964,9964,9964,9964,9964,9964,9964,9964,9964,9964,9964,9964,9964,9964,9964,9964,9964,9964,9964,9964,9964,9964,9964,9964,9964,9964,9964,9964,9964,9964,9964,9964,9964,9964,9964,9964
9964,9964,9964,9964,9964,9964,9964,9964,9964,9964,9964,9964,9964,9964,9964,9964,9964,9964,9964,9964,9964,9964,9964,9964,9964,9964,9964,9964,9964,9964,9964,9964,9964,9964,9964,9964,9964
9964,9964,9964,9964,9964,9964,9964,9964,9964,9964,9964,9964,9964,9964,9964,9964,9964,9964,9964,9964,9964,9964,9964,9964,9964,9964,9964,9964,9964,9964,9964,9964,9964,9964,9964,9964,9964
9964,9964,9964,9964,9964,9964,9964,9964,9964,9964,9964,9964,9964,9964,9964,9964,9964,9964,9964,9964,9964,9964,9964,9964,9964,9964,9964,9964,9964,9964,9964,9964,9964,9964,9964,9964,9964
9964,9964,9964,9964,9964,9964,9964,9964,9964,9964,9964,9964,9964,9964,9964,9964,9964,9964,9964,9964,9964,9964,9964,9964,9964,9964,9964,9964,9964,9964,9964,9964,9964,9964,9964,9964,9964
*SS_RAW_DATA_FORCE_MIN_MAX,1,2
-9000,95000
*SS_RAW_LOWPOWER_DATA_FORCE_MIN_MAX,1,2
-9000,95000
*SS_TOUCH_ACTIVE_TOTAL_IX_FORCE_MIN,17,1
-900
-900
-900
-900
-900
-900
-900
-900
-900
-900
-900
-900
-900
-900
-900
-900
-900
*SS_TOUCH_ACTIVE_TOTAL_IX_FORCE_MAX,17,1
9255
9255
9255
9255
9255
9255
9255
9255
9255
9255
9255
9255
9255
9255
9255
9255
9255
*SS_RAW_DATA_SENSE_MIN_MAX,1,2
-9000,95000
*SS_RAW_LOWPOWER_DATA_SENSE_MIN_MAX,1,2
-9000,95000
*SS_TOUCH_ACTIVE_TOTAL_IX_SENSE_MIN,1,37
-900,-900,-900,-900,-900,-900,-900,-900,-900,-900,-900,-900,-900,-900,-900,-900,-900,-900,-900,-900,-900,-900,-900,-900,-900,-900,-900,-900,-900,-900,-900,-900,-900,-900,-900,-900,-900
*SS_TOUCH_ACTIVE_TOTAL_IX_SENSE_MAX,1,37
9255,9255,9255,9255,9255,9255,9255,9255,9255,9255,9255,9255,9255,9255,9255,9255,9255,9255,9255,9255,9255,9255,9255,9255,9255,9255,9255,9255,9255,9255,9255,9255,9255,9255,9255,9255,9255
